작성자,날짜,댓글내용
kwgs****,2020.06.02. 14:18,국회의원 말도 안됩니다.퇴출시켜야 합니다.모든 국민의 생각입니다.민주당은 누구를 대변하는겁니까?
clse****,2020.05.30. 21:09,난 민주당 찍었지만 윤미향은 퇴출이 맞다고 본다
dlar****,2020.05.30. 21:01,윤미향 쉴드치는 민주당의원들도 같이 퇴출운동 해야한다.
krtt****,2020.05.30. 23:21,기부금과 보조금을 횡령한 도둑년이 국회의원이라다 이게 더불어민주당의 수준이다 국민들은 저런 도둑년을 국회의원으로 뽑은적없다 반드시 퇴출시켜야한다
cott****,2020.05.30. 20:26,30년동안 이용해먹다가 ㅡ 빨만큼 빨았으니까ㅡ이제 이용가치가 떨어지니 비례대포국개의원으로? ㅡ 정의연은 해체해라!~ 해 먹을꺼도없잔아? ㅡ 토착왜구라 몰아세우더니ㅡ 왜구의 과자맛은 못있었나 보구나?... 국민들이 나서야합니다. 나서서 윤미향이 사퇴시켜야됩니다~ 이런뇬이 뭔 일을 할까요? ㅡ 뻔하지않습니까? ㅡ 빨대 빠는것만 하겠지요!~
nort****,2020.05.30. 20:19,수사 기다리면 제대로 하게 냅두냐?? 조국 일가 수사하는 검찰팀 여기저기 좌천시키고 법무부 장관이 총장 압박했으면서 ㅡㅡ 또 똑같은 수법으로 뻐팅기겟네
sung****,2020.09.14. 12:34,이런 악녀 윤미향을 감싸는 민주당도 퇴출 시켜야한다. 대한민국 정의를 위해서..
dkfk****,2020.05.30. 20:22,야당 의원이 저 정도 의혹을 받는 상황이라면 문재인은 지금처럼 입 다물고 지켜만 보고 있을까? 그 놈이 해왔던 짓거리로 보면 정의가 어쩌니 저쩌니 입에 거품물고 달야들거나 추미애시켜 찢고 물어 뜯어 시체만든지 오래전 일일것이다.
livi****,2020.05.30. 20:01,할머니들 돈으로 집사고 딸교육시키고 이제 뺏지달았으니 연금으로 평생먹고살겄네 이게 말이되느냐 말이지 범죄자가 국회로 국민에 힘을 다시 보여줄때가 된듯 더불려당은 얻어먹은게 많아서 손안씀 국민이 나서야됨
lcj6****,2020.05.30. 23:07,정치자금으로 쓰였냐? 왜 자꾸 옹호하지.
bagn****,2021.02.27. 22:24,국민이 나서서 퇴출운동해야합니다 청와대는 모르쇠로 일관하고있고 파렴치하고 후안무치한 민주당은 감싸주는 형색이고 국민이 나서서 저인간의 탈을 쓴 윤악마를 반드시 퇴출시켜야합니다 ㅉ
joo8****,2020.05.30. 20:24,조국과 윤미향사건을 봤을때 이건 개인의 문제가 아니고 민주당의 정체성자체에 문제가 있는것같다.
hdyo****,2020.06.01. 00:51,할머니들 한풀어준다 생긴 정의연이 되려 할머니들 한매치게 하는데 국민들이 가만히 있을수 없지요. 진짜 할먼들을 위해 일해왔다면 혹여나 억울한일 있어도 윤미향은 그자리서 내려와야 마땅하지. 하는짓을 보니 욕심으로 가득차있고만
1680****,2020.05.30. 20:35,이게나라야?옹호할걸옹호해야지
jjy8****,2020.05.30. 23:08,수사가 필요한가. 그냥 일반인이 딱봐도지은죄가 넘쳐나는데 그리고 편드는 사람들 양심좀 갖고말합시다. 왜구니뭐니하는데 할머니 이용해먹은게 더왜구 같은짓거리죠.
jww1****,2020.05.30. 22:54,얼마나 받아먹었길래 문재인및 민주당 수뇌부들이 침묵하고 있는거지??
dalc****,2020.05.30. 20:44,"국민이 나섭시다. 옛날, 근현대에도 언제나 나라에 감당못할 일이 생길 때마다 백성들이 나섰으니 국민이라면, 니편내편에 목매지말고 잘못된 건 바로잡고 귀찮게 닥달해서라도 의혹은 명확히 풀어야한다고 생각합니다. 옛날처럼 정치는 정치인의 전유물이고 그들은 왕에 양반이고 백성은 천하게 여기는 시대도 아닌데 특정 정당에 목매는 것도 바뀌어야 한다고 생각합니다. 실제로는 잘 알지도 못하는 정치인들 메이킹된 이미지만 보고 무조건 편들어주고 그러다 이용당하고 개돼지취급 받으며 사는 거 괜찮은가요? 정치인이 중요한가요 올바른 정치가 중요한가요?"
skl7****,2020.05.30. 20:10,언제까지 그저 윤미향을 바라만 볼건가? 민주당아. 살다살다 약자등쳐먹는 저런 더러운 집단 처음보며 뻔뻔한 당당함에 그저 말문이 막힘. 이땅에 양심을 갖고 정의롭게 살면 저들처럼 집 여러채 못산다. 그것도 쉴드치고 아닥하는 무리들은 더 더러운집단.
bae8****,2020.08.12. 15:56,21대는 20대보다 더 최악이고 이를 만든건 전라도 광주 서울 경기 충청 대전이다 제정신이냐 이럴라고 박그네 탄핵시킴? 박그네가 한짓거리가 작아보인다
ruru****,2020.05.30. 20:19,그많던 촛불은 다 어디갔니!!! 이런 불법을 눈감고있는 문가와 민주당을 탄핵한다....
jjpu****,2020.05.31. 09:24,저 여자 보면 문재인 진짜 제정신인가 싶다. 그렇게 정의 외쳐대더니 닭 있었을때보다도 나라가 더 이상해 진거 같다. 도덕심은 더 없어지고 국민들은 더 황폐해 지고 경기는 나빠지고 국민들 서로 정치적으로 갈라서 싸움 하게나 만들고 댓글도 맘대로 못달고.
nana****,2020.05.30. 23:18,조국이랑 문일가 모두 퇴진!!!!!! 총선 다시해라!!!! 사기꾼들아
kp76****,2020.05.30. 21:40,무조건 온 국민이 퇴출운동해야한다.촛불집회를 열어서라도 저런년은 국회에서 추방해야한다. 썩은 고기는 개나 줘라.
wess****,2022.04.05. 02:29,퇴출 운동 합시다 국민들이 앞장서야 합니다 청와대 청원 하자구요
yju7****,2020.05.30. 20:30,전국민들이 나서야한다 전국민들이 촛불 들고 나서야한다 다시는 시민단체 기웃 거리지 못하게 묵사발내야한다 꺼져라 양파야
ezen****,2020.05.30. 20:19,퇴출운동지지한다!!!저런인간이국회의원해서는안된다!!!!
jhlc****,2020.05.31. 04:00,민주당 지지자 이지만 윤미향은 아닌것 같습니다...많은 분들의 입에 오르내리는 이런 사람들은 퇴출시키는게 맞는것 같네요
dlsw****,2022.05.07. 09:52,"9억에 쉼터사서 인테리어 1억8천 들여6억5천에 시세대로 팔았다고"" 리베이트받고 비싸게 사서 시대대로 팔았다는말 아닌가? 국민도 ,위안부 할머니보듯하네! 이런여자,국회가면 나라팔아먹고도 남을녕 이네"
hani****,2020.07.24. 08:04,저런게 국개의원이라고 나라망신이다 . 윤미향 개잡여 .. 땅속으로 꺼져라 꺼져 쌍
jsrl****,2020.05.30. 23:43,"윤미향 저러는거 정의연도 알고 있었고, 민주당도 알고 있었을게다. 더러븐 정치인넘들"
icev****,2020.05.30. 23:15,민주당이 이리 뜨뜨미지근한 이유는 윤 마사코 미향이가 할머니 등에 빨대 꽂아 뽑은 돈을 같이 쳐 자신 국개들이 많아서가 아닐까?
ebtg****,2020.05.30. 23:01,국민이 몰아준 표심을 이렇게 우롱하나????귄력 쥐어주면 다 개들되는 정치인들!!!민주당 너싀들한테 속아서 표 줬더니 이렇게 국민 우롱하나???!!!!
pigi****,2020.05.30. 22:02,지금이 촛불 들 때 아닌가..
gust****,2020.05.30. 21:43,윤미향퇴출 촛불 집회 열려야 합니다
cham****,2020.05.30. 21:00,180석 얻었다고. 너희들 세상같지 권력도 10년 못간다. 반드시 죄값을 치룬다. 세상 바뀐다
ejfq****,2020.05.30. 20:43,저런사람이 국회의원하는 나라가 제대로된 나라요 ??
osh1****,2020.05.30. 20:12,퇴출동의
kbyo****,2020.05.30. 20:48,또하나의 기생충입니다.
rock****,2020.05.30. 20:30,국민이 퇴출운동 하자
ysj7****,2020.06.08. 18:26,퇴출
lbe6****,2020.05.31. 22:18,민주당 177석이 되니깐 이젠 국민들도 우습게 보네. 하기야 4년동안 그 권력을 휘두룰수있으니깐 뭐가 겁나겠나요. 지들 맘대로 하다가 총선 시기오면 또 국민국민 그러면서 간지러운데 긁어주면 냄비 근성 국민들 다 잃고 자신들 찍어줄거라 믿는거겠지. 정치인들 처럼 교호 ㄹ하고 얍삽한 인간들도 없지요.
rive****,2020.05.30. 23:53,생긴 자체부터 맘에 안들어
kwon****,2020.11.17. 07:48,적당히하자...언제까지 버텨야하는 오더 있었냐?아니면 다른 이슈 덮으려 버티는거냐?순~~~도둑ㄴ
aste****,2020.05.30. 23:41,끝까지 버텨 국개 월급 챙기려고? 강의 한번 안하고 서울대 월급 따박따박 받는 조국 따라잡기?!ㅉㅉ
ykct****,2020.05.30. 22:52,네이버댓글에 국민청원 동의를 구하는 글이 올라와있었는데 삭제되었네요. 뭐가 문제라고 댓글이 사라졌을까요? 전 윤미향씨 행정조사와 그에 따른 공정한 처벌및 의원자격박탈 내지는 국회의원 자격을 스스로 내려놓기를 바랍니다. 그런마음으로 국민청원 찾아서 동의했습니다. 같은 마음인 분들은 국민청원 동참하시면 좋겠는데.. 의원자격이 생기는 날이네요. 그래도 동참하시길..
twoy****,2020.05.30. 22:43,윤미향 감싸기? 신중하세요 자만에 빠지면 민주당 한방에훅 간대요(김영우전의원왈)
ghks****,2020.05.30. 21:52,언제부터인가 국회의원은 국민 위에 있는 분으로 잘 못된 인식을 가지신 염치없는 분들이 많은 듯.... 국회의원님들 정신 좀 차리시죠들~~
h777****,2020.05.30. 21:46,국민청원에 윤미향사퇴 청원있습니다. 동의부탁드립니다.
jjja****,2020.05.30. 21:46,서울시장도 같이 내려왔으면 좋겠어요.기업땅을 강탈하려는 서울시.. 양아치입니다.
wjst****,2020.05.30. 21:27,국민소환제 실시 해주세요.
asdf****,2020.05.30. 20:19,윤미향퇴출.퇴출 퇴출
hyac****,2020.05.30. 19:58,민주당아 너네 당정체성은 내로남불이냐??
jg12****,2020.06.01. 09:10,반드시 퇴출 시켜야~
qkd8****,2020.05.31. 23:03,퇴출 찬성!!!
chul****,2020.05.30. 23:53,일본놈들보다 더 악랄한 윤미향이 국회에서 끌어내립시다
hyui****,2020.05.30. 20:36,최민희 김어준 공중파에서 안봤으면 토론 태도 보면 진짜 아구창을 확 최민희 아줌마 사회자세요 말 끊지 마세요 극우좌파라 뇌가 아주 좌쪽이네 병원가라
kiss****,2020.05.31. 02:32,사퇴해야지 내가 낸세금으로 월급주기싫다
sms9****,2021.04.17. 16:38,똥인줄 된장인줄 냄새로 모르나요~꼭 맛을 봐야하나요~민주당 똥맛 보겠네요
ss_k****,2020.05.31. 01:08,위안부 할머니들 증인들이 시퍼렇게 살아 있는데 더 뭘 지켜보냐? 사기꾼년을 국회에서 몰아내라~~
ccam****,2020.05.31. 00:50,더불어만진당과 문재인은 윤미향과 연결고리가 많을듯
ww89****,2020.05.31. 00:23,총선승리가 민주당계 모든 인사의 부정비리 면죄부를 준것도 아니고 총선승리하니 유죄 한명숙도 억울하다 재심하자 그러고 공수처도 검찰부터 조질려고 들고 이천화재때 추미애는 검찰력 총동원해서 수사하라하더니 윤미향건에 대해선 입도 벙끗안함 뭐가 정의롭고 공정한 세상을 만드는거야 지들끼리만 지상낙원을 만들고 있는거지
sdy2****,2020.05.31. 00:13,국민이 퇴출 시키자 저뻔뻔하고 양심없는 여자야 딩장 사퇴하고 내려와 그동안 기부했던 기부금도 다 토해내라
syzy****,2020.06.02. 02:57,진보 말로는 온갖 정의로운척 하면서 뒤로는 잇속만 챙기기 급급한 이중 인격 자들~ 직업도 없이 평생 국민들 선동질하고 이간질 하는 인간들~
sbgk****,2020.05.30. 23:43,앞으로의 모든 법죄는 조국 과 윤미향 정도 보다 조금 못하게 저지르면 전부 합법이겠네
seri****,2020.05.30. 23:43,이건 정권의 문제가아니다 범죄와의전쟁이다전국민이 들고일어나야한다
cjsw****,2020.05.30. 23:41,저런 짐승보다 못한것을 감싸주는 민주당은 더 나쁜것
dign****,2020.05.30. 23:40,박근혜는 수사 다 끝나고 처참하게 끌어내렸냐? 감성떼법으로 능멸하고 침뱉고 조롱하며 국민이 끌어내렸잖아. 근데 윤미향 따위에게 무슨 수사를 더 지켜봐?ㅋㅋ
ajch****,2020.05.30. 23:14,퇴출운동 찬성입니다
tal2****,2020.05.30. 23:09,이게 논쟁의 소지가 있는가? 이런 사람이 국민의 대표로 국회에 들어가는걸 용인하는 여당은 반성하라.
soso****,2020.05.30. 23:07,퇴출운동 동참합시다.좋아요 꾹
bys1****,2020.05.30. 23:06,문빠들과 더바랄시당넘들의 비리가 너무 다양하고 광범위하다보니 그걸 덥으려고 공수처만들고 각종비리는 관행이라 우기고 범죄자들을 비래대표로 국회에진출시켜서 검찰수사를 면하려햇고 두루킹 이하 뇌물범죄자가 친문이라해서 가석방시키고 이게 대한민국이냐? 그냥 어느 부족집단같은느낌
shim****,2020.05.30. 22:57,이념이 아니라 윤리적으로 벼룩 간 빼먹은거잖아
jhum****,2020.07.31. 14:36,의혹 해소 되기전까지는 국회 출석 하지마!!!
ange****,2020.05.30. 22:53,추미애 법무부장관에 의석수 180에 이젠 법도 국민도 필요없다는거지 ~이제와서 한명숙하는꼴 봐도 기가차는구나
gaja****,2020.05.30. 22:52,같은 종자라고 자랑질하는 꼴 임! 문재인 조국 정경심 이해찬 손혜원 윤미향!
hhc8****,2020.05.30. 21:58,뭐든 지켜본다는게 더민주당 슬로건?!조국 정경심도 지켜본다. 울산시장 선거개입도 지켜본다. 정의연 비리 당사자를 국회의원 만들어놓고 지켜본다. 국민들 지탄은 아예 무시해도 된다고 당론이라도 정한건지. 내로남불당이라고 그렇게 욕을 먹어도 여전히 내로남불이구만
top4****,2020.05.30. 21:39,윤미햐ㅇ이 누구한테돈받쳐 의원 됐는지도 특검하자
park****,2021.04.06. 18:10,온갖 비리의 온상인 조국에 이어 윤미향같은 비리백화점을 감싸고 방어에 급급한 민주당 개의원들은 본인들의 더러운 과거까지 들춰질까 두려운거겠지. 정의라는 거짓탈을 쓰고 공산정권과 다름없는 추악한 민낯을 보여주는 이들이야 말로 적폐중의 적폐가 아닌가 싶다.
jh2f****,2020.05.30. 20:59,댓글들 대부분이 죄가있냐없냐다 근데 실질적으로 저기있는 도둑년은 고통스럽게 살아온 할머니들에게 해준게 없다.. 지 새끼 지배부르려고 한게 눈에 보인다.. 전원주택에 그 할머니들 살아가게 한게 아니고 지 가족 지 부모 지 새끼만 생각한 진짜 도둑인거다... 왜 모금을 한거고 왜 도움을 주려고 한거고 왜 힘내시라고 한거면 최소한 여기에 글다는 대깨문 민주당 새끼들은 저년 꼭 벌받게해라 사람이 사람으로서 해야할짓이 어느 정도껏 있는거 아니냐??
prea****,2020.06.05. 08:16,퇴출운동 찬성합니다
skeh****,2020.05.30. 20:40,저런 악마가 국회의원이라니? 이게 대한민국 좌빨정부 수준이냐?
dlwn****,2020.05.30. 21:43,검찰 못믿는다 개소리할땐 언제고 이제와서 검찰수사?? 역겹다 진짜
kr53****,2020.05.30. 20:31,이런 미췬 양파년 문슨 의원이야 퇴출운동 필요함 저 사각턱주가리 한대 날리고 싶다
idni****,2020.05.30. 20:02,본인들 적폐 청산은 ㅈ나 느긋하네~ 박그네 탄핵때도 그렇게 느긋했냐? 빨갱이새ㄴ끼들
shil****,2020.05.30. 19:54,민주당이 통합당에서 지금 윤미향사건과 털끝만큼이라도 비슷한 사건이 있었다면 신중론을 펼쳤을까 부끄럽다 거대야당이라는 데가 저 정도니
khkh****,2020.05.31. 09:36,유리할땐 국민의 뜻 불리할땐 신중하게...민주당아 너희들 원칙이라는것 처음부터 없었지 그냥 그때 그때 상황따라 바뀌는게 원칙인거지?
left****,2020.05.31. 09:28,맨날 검찰못믿는다면서 이럴땐 또 수사결과 지켜보자 ㅇㅈㄹ ㅋㅋㅋ 결과 안좋게 나오면 또 '정치검찰'이라 하겠지 ㅋㅋㅋㅋㅋ 머깨문들 빼고 우린 다~~알아. 바보가 아니라구
koal****,2020.05.31. 00:00,죽이고싶다!
kwbi****,2020.05.30. 22:49,사퇴하고 깜방가라 진짜 요즘 저녕 얼굴보는 거 스트레스다
obbw****,2020.05.30. 22:48,정의가 살아있는걸 확인하고 싶다....ㅠㅠ몰상식하고 가증스러운 저 여자는 국민들 분노를 자아내고있다. 기꺼이 촛불 들겠습니다.
kiho****,2020.05.30. 20:46,"이번에는 더불어민주당은 왜 촛불 안들지? 촛불로 성했는데, 과거 여당시절 비리가, 지금 여당의 비리와 다른게 뭔지! 내로남불인데. 부끄러움까지도 없다. 궤변론자들의 모임 더러운 민주당"
yys0****,2020.05.30. 20:35,딱봐도 수쓰는거보이고 딱봐도 손절해야하는 저 인간을 감싸는거 자체가 국민에대한 모독이자 국민을 개돼지취급하는거다
jpop****,2020.05.30. 20:32,이번에 다 바꾸자~국회의원도 다 다시뽑고 대통령도 다시뽑자
fhf1****,2020.07.10. 00:58,"짬짜미 장학생/sns없으면 못살듯 보이는 曺마네기처럼 과거 본인이 sns에 올린 증거들 글고 밝힌바 남편 연봉 2,600정도 수준이지만 몇시간씩 걸어서 통학하는 뚜벅이 딸 UCLA음머 연간학비 11만$, 집 5채 현금 구입, 요상야릇한 우덜식 회계장부/위안부할머님들 배고프시다 말하면 돈없다 가라/매주 앵벌이 일당 13만원내외/빨머꼿아서 위안부AI만들어서 천년만년 화수분처럼 우덜식 나눠처묵/우덜식 꿀물빠는게 당연한걸 어쩌고 저쩌면서 문제삼으니 왕짜증/진정성 있든 없든간 전세계 상머 앵벌이한 엄청난 금전, 그 누가 처묵했냐ㅋ"
keh0****,2020.05.31. 11:01,더부러더러운당
chan****,2020.06.01. 13:58,최민희 저인간도 콩고물 엄청 얻어 먹었나보네~그렇지 않고서야 저렇게까지 감쌀 이유가 없으리~~
doub****,2020.06.01. 06:17,"순시리는,,윤미향,,흉내도ㅡ못낸다"
ksi1****,2020.05.31. 09:38,퇴출운동에 동참합니다!
absj****,2020.05.31. 09:36,어이없다.여당과 정부가 더 문제인듯. 저게 인간이가
chic****,2020.05.31. 09:28,윤미향이 그리도 좋냐? 생긴거랑 말하는거 완전 극혐이던데...객관적으로 좀 봐라..저런 것이 국회의원인 나라가 정상인지...허긴 문재인씨도 대통령이라고 깝치는데...ㅋㅋ
leda****,2020.05.31. 03:53,문빠들 그동안 국회의원 국민소환제 하자고 하더니 1호가 윤미향 될지도 모르겠다.
pjhk****,2020.05.31. 02:01,수사해서 또 뭐 나오면 검찰이 강제 수사한다고 할거면서 ㅜㅜ 무슨 매번 수사에 수긍했던 사람들처럼 그러네..
luxe****,2020.05.31. 00:54,문제 많은데 윤미향을 왜 감싸고 도는건지 이해가 안감
djjs****,2020.05.31. 00:43,"창피하다 민주당아, 왜사니, 정당하게 못사나,"
jkg1****,2020.05.31. 00:40,퇴출 기생충모델
love****,2020.05.31. 00:37,원칙을 어긴 사람들이 출세하니 경찰들이 검찰들이 정도를 걸을지 판사가 정도를 걸을지 세상 유감
gio0****,2020.05.31. 00:31,"미래통합당이 국민적 지지를 받지 못하는 중대한 이유중 하나는 민주당의 불합리,부조리한 조치에 대해서도 야당답게 싸우지를 못하고 번번히 당하고만 있다는거다. 이번건도 또 우야무야 넘어간다면 모두 옷벗고 집에가라. 존재이유가 없다."
kati****,2020.05.31. 00:28,이번 사태는 누가봐도 윤 도둑ㄴ 하나가 위안부 할머니들을 등쳐 착복한것인데 무엇을 두고 봐야 한단 말인가! 윤미향을 옹호하는 민주당은 도둑과 내통하며 이익을 나누지 않았다면 당장 퇴출시켜라
kkam****,2020.05.31. 00:23,진보 보수를 떠나서 잘 했던 못했던 추해보인다 당당하더라도 사퇴하고 조사받아라 이미 공인으로써 국회의원 자격상실했다 어리석은 사람아 ㅉㅉㅉ
sonj****,2020.05.30. 23:54,나도 저축하는 습관을 가지고 있다 🐕 년아
bali****,2020.09.21. 07:33,"도덕적으로 일단 아웃! 더민주가사퇴안시키면, 퇴출촛불집회불사하게씀!"
hji5****,2020.05.30. 23:46,윤미향을 국민이 퇴출운동하자는 것에 적극 찬성한다
kmut****,2020.05.30. 23:31,윤미향씨꼭 그래야만 했나요???
gigi****,2020.05.30. 23:31,촛불을 들어야지연출은 문산당들이 잘하는데...
como****,2020.05.30. 23:20,"국회의원은 국민이 뽑는다 국민을 대신 하는 막중한 임무, 책임, 도덕성, 을 가져야 하는 자리다 그런 자리에 비례대표로 국민에 선택과 상관없이 당선 된 윤미향의원은 비례대표 폐지에 상징이며 누구를 위한 비례 대표인지 다시 한번 우리에게 현 정치는 줫뎃음을 잘 보여 주고 있는 한가지 사례라고 생각한다."
ajch****,2020.05.30. 23:17,돈의 맛과 권력 맛을 보았으니...쉽게 못내려놓지~결국 국민들이 끌어내려야 할 듯! 저런 것한테 민주딩 얼마나 돈을 받아 먹었기에...두고보자는 건지...니들도 결국 최순실하고 똑같애~아니 더하면 더 했지...덜하지는 않아...대한민국 정치판이 수준이 뭐 그렇지...교육부도 돌아가는 껄 보고 있자니....어이상실...유씨나 윤씨나...참...양심과 개념은 저 멀리 안드러메다로 bye~
tutt****,2020.05.30. 23:14,저런거 하나 바로바로 못쫓아내고ㅋㅋㅋㅋㅋㅋ
kmca****,2020.05.30. 23:12,조국이때랑 똑같네 뻔뻔함 이제 놀랍지도 않다 의원사퇴는 기본에 구속조사하고 정의연해체해야는 사항이다
moll****,2020.05.30. 23:09,잘못을 당당하게 배짱으로 굵은 목소리로 사죄하는 것이 반성인가?? 왠지 무섭다!
tal2****,2020.05.30. 23:04,민주당 진짜 너네도 야당 욕하지 마라 다같이 사라졌어야 할 하이에나들
mkko****,2020.05.30. 23:30,박근혜- 최순실 문재인 - 윤미향 최순실 윤미향중 누가더 악질인가? 누가 알려주실분?
tnwl****,2020.05.31. 11:33,검찰 못 믿겠다는 것들이 무슨 수사를 지켜보겠다고 수작을 부리는겨. 윤미향이 유죄나오면 검찰개혁해야 한다고 주장하며 공수처에서 수사하겠다고 수작부리겠지. 해찬아 그렇지? 일본군인보다 더 더럽고 추악한 대한민국 국민성. 대한민국은 일본에 사과를 요구할 자격도 멊는 불령국가다
myeo****,2020.05.30. 22:54,이번정권은 코로나에 기생하는 정권
yooj****,2020.05.30. 22:51,이 정부를 선택한 꼴이 이꼴이다
dn60****,2020.05.30. 22:49,"국민퇴출운동의 일환으로, 촛불집회 하자.구속시키고 감싸는놈들도 조사해라~뭔가 얻어쳐먹은것 같다."
kmp1****,2020.06.05. 07:36,진짜 우리나라는 빨갱이들이나 조선족한테 먹히고있나보다.. 정작 세금내고있는사람들은 당하는게 당연하다고 생각해서 가만히들 있는건가.. 보수진영쪽은 누구하나 목숨걸고 나서질 않네
ssbh****,2020.05.30. 22:42,부정선거 기사는 찾아볼 수가 없네. 언론장악 문산당 정부
shin****,2020.05.31. 02:34,온국민이 국회의사당을 점거해야합니다 미래통합당가지고는 절대못합니다 죽창들고나섭시다
eyki****,2020.05.30. 21:58,이제부터눈 정치비리는 정치권에 맡길것이 아니라 국민이 직접 나서서 해결해야힙니다. 부정과 비리눈 국민이 직접 해결해야할 때입니다. 국민퇴출운동 적극 지지합니다.
hydr****,2020.05.30. 21:58,이것들을 옹호하는 극좌 민주당 옹호자들과 민주당은 너희들도 이제 더이상 진보 민주세력이 아니다 너희들 배속 채우눈데 국민을 이용하는것 밖에 안된다 민주당도 골수 꼰데들은 법적처벌 받고 사퇴하도록 편들기 편가르기 그만해야함
shin****,2020.05.30. 21:49,이예편네좀 어떻게 내쫓거나 좀하세요
nobl****,2020.05.30. 21:45,참 민즛당스럽다..에라이..다 해처먹어라 퉤.
sang****,2020.05.30. 21:45,진짜 일본놈들과 똑같다.. 화가난다..어떻게 힘든 세월을 견뎌낸 분들을 이용할 수가..
thin****,2020.05.30. 21:42,기부금 명단을 밝히지못하는 이유가 세액공제를 위한 가짜 기부자들도 많기때문이 아닐까하는 의혹도 든다 정의연 관계자 및 주변 지인들의 기부자 세액공제내역도 조사해야한다고 생각함 이번 기회에 가짜기부자들 조사해서 탈세금액 환수하고 진정한 기부문화 장착해야한다고생각함
soul****,2020.05.30. 21:38,국민퇴출 운동해야지?이젠 국민이 바보같이 당하지 말아야 한다. 국회의원 잘못된자들은 국민들이 심판해야 한다
pkh6****,2020.05.31. 11:51,"민주당이 얼마나 양아치인지 너무 잘보여주는 사례다. 내로남불 그 자체다. 남이하는건 신상털기, 가짜뉴스, 의혹이라고 하고 이건 너무 말해서 입이 아플정도다. 문재앙은 곱게 죽지못할거같네..."
oklo****,2020.05.30. 21:37,퇴출해 .라
skyp****,2020.05.30. 21:37,"검찰이 수사한다고 별수 있겠냐.우리 병민들은 스트레스 받지말고, 발씻고 자자. 180석이다. 민주당이 결정하는거다."
top4****,2020.05.30. 21:36,광화가서ㆍ촛불시위합시다ᆞ
vip6****,2020.05.30. 21:35,퇴출!제발
qotk****,2020.05.30. 21:34,ㅎㅎ진실이 무엇이든 1달은 지켜봐야 결정날듯한마디로 시간이 약이다 힘없는 보수지역에선 속터질 일이지만 현실이 이러하다 ..그러게 3년 동안 기회있을때 일좀하고 반성할건하고 했으면표로국민사랑받고이런 일터질때 힘좀 써볼건데 ..ㅉㅉ
kuhy****,2020.05.30. 21:34,윤미향 퇴출 청원에 한표진짜 나쁜사람 입니다
icon****,2020.05.30. 22:01,민주당도 뭔가 있나? 왜자꾸 저렇게 나올까? 어느정도의 정황은 나왔는데...민주당은 저렇게 해서 검찰에 압력을...
y6k6****,2020.05.30. 21:30,기자회견은 쇼다ㆍ진땀흘리고 거짓말 투성이 ㆍ민주당은 싹다 갈아 엎어야 된다
lshs****,2020.05.30. 21:07,윤미향 조국 민주당 문재인 진짜 한계가 왔다 더이상 지켜볼 수 없을 뿐더러 지금이 아니면 돌이킬수 없는 지경에 다다른듯 하다 우리나라 국민으로 요즘 심히 나라가 걱정되고 이것들 죄다 퇴출 시키지 않으면 나라도 망하고 공산화 될꺼같다
poil****,2022.06.02. 19:47,더불어 같이 해처먹었네 ! 더런 것들 !
cheu****,2020.06.18. 08:20,퇴출에 한표
kimj****,2020.05.30. 20:50,김복동할머니가 사업해서 성공하심??? 용돈으로 준 돈으로 유학갈정도????
tngu****,2020.11.30. 14:13,"인간이하의 말종들만 득시글거리는 좌빨집단. 악마의 탈을 쓴 윤미향을 보호하려는 좌빨집단. 더러운 좌빨, 상종하기 싫은 좌빨."
gnlt****,2022.07.05. 14:24,민주당한표 던졌지만 윤미향은 아니네요~
ds66****,2020.05.30. 20:28,정말 갈기갈기 몸통을 찢고 싶다
jonn****,2020.05.30. 20:26,이참에 남편이 공무원인 여성 시민 장애단체 대표들 전수 감사조사하자
koiv****,2020.05.30. 20:18,문재인 정권이후 국민들을 선과 악의 개념이 아니라 진영논리로 분열시켜버림 나쁘다 아니다가 아니라 좌파냐 우파냐를 따지는 세상이 되버렸다
esra****,2020.05.30. 20:14,왜댓글이 안나오나요주 작인가요
ojun****,2022.10.08. 13:14,개야너역쉬개야
phs5****,2020.05.31. 15:32,촛불집회를해서라도 도둑뇬을몰아냅시다 지금당장이라도 나가고싶다
mrkb****,2020.05.30. 19:53,"윤미향에 대한 더러운 민주당의 대처는 북한의 유일당 체제의 김정은 정권과 차이가 없다. 더러운 민주당이 궤변적 좌파라는 것이 당의 한계이다. 오늘도, 촛불혁명이니 적폐청산, 공정한 사회, 기회 균등 말하지만, 조국, 윤미향이 너의 당의 실상이다. 그럼에도 당을 위한, 당에의한, 당의 더러운 청치를 보여주고 있다. 검은 세력의 리더 이해찬."
lisa****,2020.05.30. 22:48,까도까도 양파 라 생각하면됨
love****,2020.06.04. 04:40,그동안 위안부할머니들에게 관심도 없던 무리들이 이일에 열내는게 너무 웃기네. 정치에 할머니를 이용하지마라. 정치공작 질린다.
sda1****,2020.07.08. 07:22,야 니들이 정치얘기로 흥분하며 열불낼때 최강욱은 최고급 렉서스 끌고 윤미향 자식은 자유분방한 고급동네에 위치한 UCLA에서 공부한다. 조국은 특권으로 자녀를 의사로 키웠다. 니들은 뭐했냐
snow****,2021.12.02. 18:50,민주당좋아하는 촛불집회하자
wpwp****,2020.05.31. 00:26,빨리 사퇴해라. 피곤하니까. 죗값치르고. 변명도 듣기싫타
jscv****,2020.06.05. 06:54,"더불어시민당 양정숙은 숨도 안쉬고 걷어차더니.,...윤미향은 함구하고, 떠받들고, 지켜보자고? 뒷배경이 좋았는지 윤미향은 대놓고 검찰수사에 적극협조한다고? 욱끼고 자빠졌네...국회 동의가 있어야 되는데....민주당이 방탄복으로 막아주는데...개뿔!!!!어리석은 백성들은 과거에는 새누리당에 놀아났지만, 이제는 민주당에 놀아나게 생겼다...여성가족부가 내년 예산을 얼마나 뜯어가는지 지켜봐라!!!!"
cmoo****,2020.06.03. 09:30,이런사람 국회의원 안되요스스로 사퇴하는게 바람직 함에도 퇴출당하고 싶어 그런가 봅니다..
uk08****,2020.06.01. 07:26,윤미향이 검찰수사로 유죄가되면 감싸며 지지하던 자들은 같이 잡혀갈 각오가 되있는가?
tnt8****,2020.05.30. 21:24,결국 다 들통난다 이쯤되면 인정하고 죗값치르자
loy9****,2020.05.30. 21:06,이런사람. 가만두면안됩니다. 지돈벌욕심에 설치고다녔나보네. 늦게라고. 들통나서. 다행이다 하늘무서운지 알아야지
g102****,2020.05.30. 20:39,퇴출!!!!
ahn4****,2020.05.30. 20:28,과반의석 얻었다고 자만하다가다음총선에 완패할거다 정신차려라
juno****,2020.05.30. 20:21,미안하다 대구사람이라가ㅎ 난 무작정 극우고 난 무작정 한나라당이겠네ㅎㅎ 윤미향한테 안좋은 소리하면 대구사람이겄네ㅎㅎ
ir66****,2021.08.18. 18:20,세월호와 위안부 할머니는 우리가 지키고 보다듬어 줘야 하지 않을까? 배후가 있니 개 같은 소리 할것이 아니라...
kyk5****,2020.05.31. 14:28,진짜 통닭들이 똥줄이 타긴 타나 보다 한석이라두 줄일라구 발악을 쳐하는거 보니
shil****,2020.05.30. 19:57,퇴출운동에 저는 동참합니다 기꺼이
kdrg****,2020.05.31. 21:16,"그냥 꺼져라 인간 같지도,않은 여자 하나땜에 국민들 피로감만 더준다 안그래도 우한폐렴 땜에 골머리 안픈데 꼴같지도 않은게 뭐라도 되는 마냥 꼴갑떨고 추잡스럽다 그냥 꺼져"
ykm7****,2020.05.31. 12:54,제발 검찰이 결정적 올가미물증 잡아서저런 도둑년놈부부 한방에 보내주길... 해골찬까지.. 민주당 지지세력들 모두~
leet****,2020.05.31. 10:51,민주당 클라스 진짜 대단하다.
chan****,2020.05.31. 10:01,저딴걸 쉴드해준다고 애쓴다ㅋㅋ이런당도 자기식구 챙겨주고 감싸주는데 통합당은 ㅉㅉㅉ
drag****,2020.05.31. 09:56,할머니들 쉼터라면서 교통도 불편한 안성산골짜기에 집지어놓고 막상 할머니들은 가시지도 못하고 탈북자들을 그리로 불러 돈주면서 다시 월북하라한 윤미향과 그 남편을 구속수사하라. 또 그 안성 쉼터가 그런 목적으로 지어진건 아닌지도 조사해야한다.
loud****,2020.05.31. 23:42,"퇴출이 답이다. 횡령을 관행으로 당연히 횡령을하는 사람을 민주당에 둘수없다!! 세금횡령도 할텐데, 절대 안된다!!!!"
hans****,2020.05.31. 09:28,"검찰이 무슨 힘이 있나 검찰개혁이 아니라 입맛개혁,,,177석이 검찰인데 하나마나 뼌하다 ᆞ 민주당은 국민신뢰를 잃을 좋을 기회이니 미통당은 제발 가만히 있어라~ 궂이나 보고 떡이나 드시라"
qkd8****,2020.05.31. 09:51,윤미향 퇴출 지지
ok01****,2020.05.31. 10:32,앞으로 정의연등 시민단체는 해체가 답이다. 이런곳엔 절대 기부하면 안된다
hada****,2020.05.31. 09:23,반일프레임으로 정권 유지 하더니 일본한테 유린당한 할머니들을 피빨아먹는 악마도 울고갈 인간은 또 감싸네 이래서 내로남불당 내로남불당 하는구나
zint****,2020.05.31. 09:21,나도 민주당을 지지하지만 이자 윤씨는 국회의원을 그만사퇴시키는것이 이해찬이 할일이다 누가 공천을 했는지몰라도 책임을 지고 사과해야 할것이다 즉각 퇴출시켜라 의원의 자격이 전혀 없는 자이다 이해찬답지않게 망서리는지 모르겠다 이자아 아니면 민주당이 망하기다로 하는가 창피해서
cell****,2020.05.31. 03:29,국민들이 그리 지지해주었건만 민주당도 오래가지 못할듯허구나.
supe****,2020.05.31. 03:14,딴거없어...통합당국개가 저랬으면? .....문빠들............
lddv****,2020.05.31. 01:10,국민은 퇴출을 원합니다. 나랏일을 맡길 수 없는 이유입니다.
thdr****,2020.05.31. 00:51,이놈의 정치병환자들땜에 국민들이 편가르고 서로 싸우고......내편은 뭘해도 무죄 니편은 무조건 유죄 잘들논다
lcy0****,2020.05.31. 00:40,뭔 수사를 지켜봐?검찰이 관련자 소환하고 기소하면 해 넘길테고 재판 하면 3심까지 가서 또 그해 넘길텐데 저런 악랄하고 가직에 절은 년이 국회의원 임기 반을 해 먹는 걸 지켜보자고?
sjgl****,2020.10.06. 18:37,수사를 지켜봐? 어차피 수사 못하게 검찰 해체 작업중이니 무서울게 없다는 거지
seou****,2020.05.31. 00:22,언론개혁이 언제나 될려나 조국다음 윤미향 언제쯤은 혹세무민하는 주류언론 조중동이 극우 유튜버가 될 날이오겠지 한 십년 기다리면될러나
guyg****,2020.05.31. 00:18,시민운동을 비난하고 폄훼할 생각은없다 하지만 정대협사업의 근원은 할머니들의 슬픈역사위에서 시작한것이 아닌가 그렇다면 그들의 여생을 편안하게 돌보는게 그들의 사업중 제일먼저가 되어야하는게 아닌가 그들의 끔찍한고통을 위로하고 그것을 제대로 잡겠다면서 왜 할머니들 제대로 돌보는것을 그들사업의 제일중요한부분이 아니라하는가
newl****,2020.06.02. 23:05,윤미향 퇴진원하는 것들은 어차피 무슨 말을 해도 스스로 안믿는 지역이기주의의 통합당 지지자들이다 백년이가도 부정선거주장하고 자자손손 TK지역당 투표할 느 ㅁ 들이다 그냥 무시해버려도 좋다.
3085****,2020.05.31. 00:09,국가가 나서서 퇴출시켜야지
smsj****,2020.05.31. 00:07,"이낙연! 역시 두루뭉실이네, 니가 대선 주자가 아니고 대통령 꿈이 있으면 이따위로 이도저도 아닌 말을 해서는 안되지, 분명히해라"
inom****,2020.05.31. 00:05,할머니긴 저 사기꾼년 딸년한테 용돈 주셨다네요! 용돈ㅋㅋㅋㅋㅋㅋㅋㅋㅋㅋ
roxx****,2020.05.31. 00:03,몰아냅시다!
kjjs****,2020.05.31. 00:03,심심하면 검찰 때려잡는 것들이 수사지켜보란다 안 웃기나ㅎ
gnrr****,2020.05.31. 00:00,이런것들 무죄 만들려고 공수처 만들었나요?! 너무 화가난다
ksg5****,2020.05.30. 23:59,우한 폐렴 바이러스 만도 못한 인간
9927****,2020.05.30. 23:58,워낙 뻔 . 조국님도 은근 슬쩍 윤이나고 아름답고 . 향기 까지 나지요 . 그래서 구렁이 담 넘어갔네요 . 그래서 그만좀 합시다 . 우리가 뽑아준 인주당 열린 민주당 밀어줍시다 . 어차피 망쪼 ?
ippu****,2022.11.14. 20:55,자꾸 시간 끌지말고 빨리 꺼져
ksp0****,2020.05.30. 23:48,입에서썩은물시궁창냄새가나는데도얼굴에철판깔고.참귀가막히고코가막히고.민주당찍은게내생에최고의후회가된다
msgo****,2020.05.30. 23:43,배신이외의 떠오르는 생각이 없다.존재자체가 할머님들의 아픔이자 고통이다. 누구도 국회의원으로 인정하지 않을 것이다. 하루 빨리 퇴출시키는 것만이 국민과 할머님들을 위한 최선의 길이다. 민주당은 무엇이 바른 길인지 잘 생각하기 바란다. 단 10원의 세비도 그녀에게 돌아가는 것을 원치 않는다.
cur1****,2020.05.30. 23:40,이녀자 국개의원은 어디서 뭘 주워 먹어 육즙이 철철 나오나 . 앵그리 앵그레 앵벌이
hwan****,2020.05.30. 23:30,문가 일파들ᆢ 대단해요ㆍ
hwan****,2020.05.30. 23:28,조금만 더 빨랐다면 180석같은 어리석은 결과가 안나왔을텐데 안타깝네ㅠ
open****,2020.05.30. 23:24,검찰을 개혁한다고 정부여당이 검찰을 사실상 위협하고 공수처를 독재연장의 도구로 이용할 가능성이 매우 높은 상황에서 검찰이 공정하고 독립적으로 수사하기 위해서는 국민들이 (현정권연장을 단순 이해관계를 따라 지지하는) 범죄혐의자 지지세력의 인민민주주의 선동을 제압할 필요가 있어보인다.
como****,2020.05.30. 23:15,찬성 청와대 국민청원 합시다
aths****,2020.05.30. 23:12,퇴출이아니라 구속
llll****,2020.05.31. 00:07,이용수할매요 ...보수우익친일파들의 선봉인 류석춘. 반일종족주의 이영훈등과 미통당지자들이 할매보고 고급매춘부라고 떠들고있어요. 거기에 이용당할껍니까..그들은 당신위해 그러는게 아니라 이걸로 현정부 흠집내려는거예요. 단박 소녀상철거하자고 하잖아요 ~~~~♡
ms01****,2020.05.30. 23:02,민주당 정신차리세요 정말국민들이 지지해주니 눈에 뵈는게 없나보네요 정말 이번 총선때 민주당 찍은거 후회 되려하네요
akal****,2020.05.30. 23:00,좌빨 윤미향 퇴출시켜라 뭐하노
jino****,2020.05.30. 23:00,나도 비례 민주 한표 던졌지만 이건아니죠 ~ 내 소중한 한표가 이렇게 쓰인다면 돌려주세요~~~~~
kms1****,2020.05.30. 23:00,스스로 나가라 이번은 못참는다 니때문에 다른피해자 넘 마니생긴다
adsl****,2020.05.30. 22:59,하여튼 좌파들은 얼굴에 철판을 깐 자들뿐이네. 그러니 좌파가 되는거겠지.
sjh3****,2020.05.30. 22:58,어떤 집단을 국민이라고 하는지? 어버이 연합도 대부분의 어버이들은 아니시던데.
hakb****,2020.05.30. 22:57,혹시 윤미향 퇴출운동 한다는 놈들이 일본 국민이냐? ㅋㅋㅋ
rbwh****,2020.05.30. 22:57,그닥... 사퇴할 이유가 없자나? 그냥 미우면 사퇴하는거야? ㅋㅋ
youn****,2020.05.30. 22:55,빠른퇴출을 강력히 해야되죠싸고도는 당도 한심당이네 저런게 국회의원?뱃지를달고.. 나라가 개꼴입니다
tkdg****,2020.06.01. 13:57,당연 퇴출이지
bjka****,2020.05.31. 12:03,"평생을 험한 삶에 치지고, 희생하신 분들을 간판삼아 돈모아서.. 어찌 자식을 가르치려들고, 개인 재산을 축척하려 가면을 썼단말입니까?그런사람이 이제는 국회의원자리는 못내려놓겠단 그욕심만으로도 최소한의 양심도 없는 비열하고 간사한 간신배임이 분명했습니다"
sjk3****,2020.06.07. 12:26,니발로 떠나거라ㅡㅡ
coco****,2020.05.30. 22:47,국민이 아무리 싫어해도 당에서 만든 국회의원은 끄떡없슴돠.
tbqk****,2020.05.31. 19:23,지금 한국당은 몸사리당이라고 해라...윤미항 뻔뻔이가 중요하냐 부정선거가 중요하냐??부정선거의 증빙이 엄청나오는데도 몸만사리는 당은 보수당이라는 이름을 빼라...어차피 선거는 다시 해야 할것이니까??그때까지 기생충처럼 살아라 통합당아...너네들의 진면목을 보았다..다시는 보수국민이 표를 줄리도 없으니까???
naga****,2020.05.30. 22:45,제발 퇘츨시킵시다 아님 국민청원으로 끌여내려야합니다
rlat****,2020.05.30. 22:44,진짜로 건축에 일자무식인 문죄인은 믿을것이다...그놈은 주둥이로만 살아왔으니....하지만 조금이라도 건축을알고 그계통에 일해본사람들은 안다..스틸하우스라 비싸고 어쩌고 저쩌고 개소리를 ...업자말을 믿으면 누구나 비싸게 구입하겠지...건축에서 가장많이드는건 인건비와 재료비다..보통1:1정도로 계산하면 현명하다...아주비싸도 1:2정도겠지....저정도 규모는 아무리 사람이 많이들어도 300인...인건비 일인당 20만원치더라도 6000만원...재료비 2배처서 일억2천..조경 일억치고 기타 경비 1억.업자가 처먹는것 일억쳐도 총5억정도
styy****,2020.05.30. 22:42,"통합당에서 저런 인물이 나왔다면 아마,,,"
jopo****,2020.05.30. 22:42,민주당 썩었다 이걸 안고 간다고? 비례 등록 해주면서 얼마나 받은걸까...이러니 공수처 공수처 노래를 부르지 비리 하고 좌쪽이면 봐주는
lbs0****,2020.06.02. 17:53,우리국민이 일어나 퇴출운동을 해야 합니다
mide****,2020.05.30. 22:40,진짜 죽으면 의미없는게 산사람들이 다 이랬다저랬다 말함
wwwy****,2020.05.30. 22:39,"언론에서 떠든거 말고 최소한 법정다툼이 있어야 , 체널A행태를 보더라도 기득권이 교묘한 언론 플레이를 얼마나 잘하는지 보았기 에 시시비비는 언론이 아닌 법정에서 ,"
kkh2****,2020.05.30. 22:39,우리나라에는 국민과 대깨문이 산다!
glu4****,2020.05.30. 22:37,"30년을 봉사했다는둥..개소리집어치고 그건 너위해 한거잖아, 회계장부 돈빼돌린거만 말해라"
hanp****,2020.05.30. 22:29,민주당 저러니 못믿지..한심한당
6606****,2021.03.31. 22:32,뻔뻔한 그대 이젠 국개의원으로 돈벌자 이거지
wsko****,2020.05.31. 10:34,민주당 똑바로해라 누구 한테 검정 받냐 통합당부터 전부 검정하자
okhe****,2020.05.30. 22:18,머가 진실인지 하루빨리 수사하라
fuel****,2020.05.30. 22:18,분위기 좋을 때 잘해라! 조국 때 지지율 박살나는 것 보지 않았냐? 국민들 생각은 변동이 심한 것 이라 믿을게 못된다. 따라쟁이가 설칠수록 그 반발력이 커진다.
kma5****,2020.05.30. 22:17,"말을할때마다 의혹이 제기되니 ,,,,,,"
heen****,2020.05.30. 22:16,몇년을 적폐청산에만 올인하더니.... 윤미향....하....진정한 적폐가 어느쪽인지 정답을 주었다 생각합니다
sopi****,2020.05.30. 22:13,"풉 수사 지켜봐? 좃국이도 경심이도 송시장도 오래전 한명숙이도 민주당이나 좌빨이랑 연관있는것들은 전부 풀려나는데, 공산국가로 변해버린 대한민국에 무슨 법치가 있을까? 그저 재앙이 빨갱이를 숭배하고 모셔야지."
muse****,2020.05.30. 22:10,조국도 계속 위증나오더니 이 여자는 한술 더 악랄하네요 어찌위안부 할머니들 이용해 본인이 유용하다니 참
sbs5****,2020.05.31. 07:33,주사파 빨갱이들을 때려죽여야 자유민주주의가 산다.
cyl0****,2020.05.30. 22:05,민주당도 똑 같은 쓰레기 집합소~
sdy9****,2020.05.30. 22:04,작년에는조국발..올해는윤미향발국민스트레스..
hero****,2020.05.30. 22:03,얘네들은 하나같이 진짜 일관성있네. 억울하다. 가짜뉴스다. 검찰조사에서 밝히겠다.
dksr****,2020.05.30. 22:03,정치인도 국민인데 너무 많은 혜택을 가지고 있다는 점은 없애야 한다. 정치인의 대부분은 부자이지만 가난한 자는 부자보다 빚에 허덕이는데..단제 승인이 너무 자유로운 것은 그만큼 문제의 소지가 있고 한 사람이 30년을 해먹은 것은 분명 비리가 있다는 점..따라서 단체 의 회계를 파악하는 기관을 만들어야 합니다. 죄를 지었다면 사퇴보다 감옥으로..
mylo****,2020.05.30. 22:03,나쁜 넘들
doll****,2020.05.30. 22:00,윤미향 퇴출운동적극 찬성입니다~
luka****,2020.05.30. 21:48,옘병 일그만두고 시위나 할련다
shba****,2020.05.30. 21:43,좀 시인하고 사죄해라!어르신들 남은 여생 이제 라도 우리들의 진실한 마음 받아 주시며 사실 수 있게
arbo****,2020.05.30. 21:43,안하 무인.... 약하고 힘없는 자를 이용하고 버리는 쓰레기 ....
hong****,2020.05.30. 21:43,언론과검찰의프레임을 꼭 확인하자 다시는 이런짓못하게 무상급식무기먹여라
lsmh****,2020.06.17. 16:05,언론발표는 몇일을 지켜보면서 판단하는게 맞지. 팩트채크하면 거의 거짓으로 판명난는데. 거기에 동조하고 싶은게 왜구의 맘이지.
char****,2020.11.09. 16:42,"대화가 안되면 그냥 포기다, 아주머니하고 안싸운다,대신 쳐다보지말라고 한다,"
ghkd****,2020.05.31. 17:25,의혹이 지기되면 퇴출이라면....누구하나 제거하는거 아주 손쉬운 일이네
hold****,2020.05.30. 21:35,독재자들이 하는짓 대국민 사기극김재규 부장봐라 그가 혁명가지 차지철 때운에 박정희를 죽여 지나가는 개가 웃겠다 모든 국민은 최종판결까지 무죄추정의 원칙이다 이게 우리 법이다 인권이다
dbsg****,2020.05.30. 21:35,양심녀가 되 주세요.진짜 대한민국의 국회의원이라면 용기를 내서 명석한 대답을 바랍니다.
s313****,2020.05.30. 21:29,쓰... 글... 넌.. 하늘이 언젠가 노할거다..... 나라는 국민이 만들거다
chas****,2020.05.30. 21:27,여당놈들도 다 재정신들이 아니구나.. 추잡한 인간을.. 싸고 돌고있으니..
ezcd****,2020.05.30. 21:25,민주당도 한팬가??선수 보호 하냐.??망할 민주당
pete****,2020.05.30. 21:24,교묘하게 법망을 벗어났다고 판결나도 할머니들의 가슴에 대못을박고 무슨 국회의원으로 활동하겠나~ 조국보다 더 나쁜사람...
west****,2020.05.30. 21:21,"더개, ㅅㅣ 키들나라폭망이다 더부 어 민 당 느그들이 말아묵어다 알간"
m966****,2020.06.02. 22:15,욕하고 싶은데 안쓴다. 발끈해 이후로 이 사건 때문에 댓글 쓰는데 민주당 너그들 발끈해랑 다르긴 하냐? 대체 뭘 처 먹었길래 감싸는데? 사과하고 반성하며 바른길 가묜 끝날걸 이렇게 일을 키우게 만드냐?
zx60****,2020.06.06. 09:22,전범기업 가네보화장품 방판 ㄹㅇ토착왜구
tjrd****,2020.05.30. 20:50,자금관리도 안되는 놈을 정치인이라고 버티면 정말 정치하는 것들은 놈이하인 듯하네.. 뭄대통령만 힘들어 제발 지대루좀 살자..
kipa****,2020.05.30. 20:41,중산층도 어려운 피아노 교육을 시키며 부부합산 연소득이 그 정도였다면 누군가로부터 지속적인 지원을 받은 것이 아니라면 횡령이지? 둘 다 아주 심각한 상황이라 본다. 공작자금을 받은 건가? 지속적으로 아니면 순수한 기부자들 등쳐먹은 건가? 어떤 설명으로도 해소되지 않는 의혹을 적극 해명했다고 하지말고 적극 잡아 뗐다고 보도해야지. 주변인물들 통장계좌 모두 추적하면 대형 사고 떠지지 않을까 하는 평범한 국민의 생각을 더불어 민주당은 아는가?
njw1****,2020.05.30. 20:38,1. 검찰 조사 정말 제대로 받을까? 2. 검찰 조사 결과 니들이 인정할까? 똥개가 똥을 마다한다는 말을 믿지..
yhk0****,2020.05.30. 20:37,진정한 신천지가 열렸네 이게 나라냐
osh1****,2020.05.30. 20:32,도둑년
hexa****,2021.01.18. 17:13,이걸로 이슈돌릴려고하지마라 부정선거 수사가 우선이다미통당 민주당 짜고치는거아니여?
youn****,2020.05.30. 20:29,정말 납득이 안가는여자네요
tado****,2020.05.30. 20:29,검찰 수사로 모든걸 묻어가려하지 마라
kjnc****,2020.05.30. 20:27,조국수사를보면서 국민들이지금 느끼는건 지켜보고 말하겠다지 조국이나 정경심 재판을봐봐 지금 완전개판이자나? 그난리를펴놓고선 지금 조국정경심재판보면 아무것도없고 오히려검찰의 만행과 횡포만보이자나? 윤미향도 지금 기레기들 조작질만 믿을게아니라 지켜보겠다
simu****,2020.05.30. 20:23,도대체 뭘했다는 건지?
wonn****,2020.05.30. 20:20,윤미향이 계속 국회의원 하면 모든 시민단체들 얌심에 죄책감 느끼지 않을 정도 개인 용도로 쓰세요 설사 걸리더라도 사과하면 됩니다 국민들도 사기죄라도 양심에 호소하세요 그럼 용서 될 겁니다 최민희 아줌마 참 변호 가관이고 앞으로 국민들이 윤미향이건 무조건 비호하는 세력들 다 몰아낼겁니다
jahy****,2020.05.30. 20:16,국민이했으면좋겠어요.
sung****,2022.01.14. 00:13,개돼지들은 똥인지 된장인지 다 먹어봐야 안다고들 하더라.
csm6****,2021.02.12. 23:35,"꼬리는 길게 놔뒀다가 한번에 자르려고,? 공수처 되면 윤석렬짜르고 때 어용 검찰 만들어서 언론으로 유야 뮤야!"
gold****,2020.06.02. 20:25,아니윤미항은사퇴되야 민주당이빠잘된다~~
hyer****,2020.05.30. 20:01,기자회견 도대체 왜한거임?
yang****,2020.05.31. 10:29,시민운둥 단체 입에 자물쇠 ㅋ
drog****,2020.05.30. 23:47,난 토착왜구고 일베다.. 윤미향은 즉각 사퇴하라!
luck****,2020.07.25. 17:30,윤미향이고 나발이고 어차피 민주당 쭉쭉 빨거고 흐지부지 되서 관심에 멀어진다ㅎ 그나저나 난 대구사람이다 그럼 난 토착왜구네?? 할머니께 욕된 소리는 안한다.. 미안 내인테 배후있다ㅎ 대구사람이라가ㅎ 우리 대구는 할마시가 정치욕심 많다ㅎ 동네를 넘어가 국회의원 해묵는단다ㅎ 전라도는 어떻노? 난 광주사태 옹호했는데 니기미 조국부터하는 꼬라지보니까 역겁더라ㅎ
pjhu****,2020.10.21. 03:54,박전대통령은 수사지켜보고 했냐 내로남불 진짜 오진다
drea****,2020.05.31. 03:17,자한당은 이걸로 태세전환하시길
ljyc****,2020.05.30. 22:48,국회의원을 대상으로 검찰이 수사 제대로 할 수 있을 거 같냐.
dlsa****,2020.05.31. 22:26,도대체 몰 덮기 위해서 이렇게 난리 난리 개난리들을 칠까 통닭들아
thee****,2020.05.30. 22:48,문재인 지지자들은 조국과 윤미향을 지지한다 그들은 인간말종 빨갱이요 적폐세력이기 때문이다...모든것은 역사가 스스로 증명할 것이다! 자 모두 깨어나자!
9471****,2021.01.25. 23:50,태영호도 18억 출처 밝히고 수사한다면 인정한다!!
tiff****,2020.05.30. 23:56,지켜볼게 따로있지 의원사퇴가 아닌 사형이다
drko****,2020.05.31. 08:32,민주당은 자기당국회의원이라고 너무 감싸는거 아닌지?국민의 눈높이도ㅈ모르는 공당이 되어가는지? 내로남불을 언제까지 할것인지? 국민의 마음을 이렇게도 헤아리지 못하고 아집에 빠져있는지? 역사적으로 이런 작은경우로부터 몰락의 길로 가는것을 모르는지? 참으로 안타깝고 울화통 터진다!!!!
aaaa****,2020.05.30. 22:49,이쯤이면 알아서 눈치껏사퇴하겠다 당에 민폐끼치지말고 눈치껏햐
libe****,2020.05.30. 22:48,서울시내 곳 곳에서 있었던 총선부정선거 규탄집회는 왜 언론들이 하나같이 보도하지 않나요? 모두 짜고 안 내보내는건가?
ssd1****,2020.05.31. 06:47,입장도 바꿔 가며 현실을 볼줄 아는 국민을 위한 여당이되길 바랍니다 윤미향당선인은 국민이 존중할만한 정치인이 아닙니다
laco****,2020.05.30. 22:47,감방가는게 맞을듯
aaad****,2020.05.30. 22:44,위안부 피해자를 앵벌이 시켜서 경제적 이득을 취한 파렴치한 사람이 대한민국 국회의원이라고 합니다..
asde****,2020.06.04. 12:18,똥인지 된징인지 맛을 봐야 아나..
taek****,2020.08.31. 07:02,오히려 검찰은 수사속도 조절하며 즐기겠군??그게.정치검찰이니..
a-ba****,2020.05.31. 14:20,윤미향을 당장 제명시키고 구속 수사하라.
poli****,2020.05.30. 20:37,할매가 이제 더 싫어지네. 조중동 기레기 언론들 선동에 파묻혀 연일 목소리만 높이니 이제 안타까움이 짜증으로 변하네. 옛말 틀린 게 없어요. 백날 천날 살 것 같아도 인생은 짧은데 뭔 욕심들만 그리 보듬고 있는지. 보세요. 누가 모여들고 있는지.
hong****,2020.05.30. 20:35,"조국수사때,검사들,다,쫏겨,났다던데,,뭔,수사가,제대로,돼겠나,,입맛에,,안맞으면,,입맛에,맡게,수사,,바꿀거,,아닌가"
quda****,2020.05.30. 20:34,뻔뻔한 민주당 니들이 잘나서 180석이가 니들 지은죄 니들이 다받게될꺼야
noga****,2020.05.30. 20:34,어리석은 사람들 제발 지금같은 행동은 하지말자 뻔히 나쁜짓을 하고 거잣말과 욕심 고집 아집그러다가 영원히 퇴출된다 국민이 용서하지 않을것이다
dark****,2020.05.30. 20:34,지켜볼것도 없다 말이 어지간히 앞뒤가 안맞아야지! 뻔뻔하고 일본보다 악랄한 x
than****,2020.05.30. 20:02,횡령.배임경제사범들 모두석방하라! 누구는 유치장에 있고 누구는 국회의원도 한다. 문재인대통령이 공약으로 경제사범 특사도없앴다.힘이있으면 죄도 피해가는건가? 이게 현정권의 뜻이라면 민주당은 아웃이다.
artt****,2020.05.30. 19:55,무조건 퇴출이다
zaq1****,2020.07.31. 06:48,윤미향과 김홍걸. 두가지 물건 덕분에 대한민국 민주주의는 조선시대로 돌아갔다. 계급사회 왕정국가 권력세습. 씨밭
gh_k****,2020.06.02. 14:25,글쎄.... 너무 자만하지 마라.... 니들이 저질러 놓은 것들이 그냥 놔둬도 국민들이 뽑아주니 자체적으로 정화에 대한 별 필요를 못느낄거다. .... 야당 놈들아 개혁 좀 해서 국민들에게 사랑 좀 받아라... 그리고 이 오만방자한 여권 놈들 좀 뒤집어 봐라.
keum****,2020.06.01. 01:11,할매가 안되면 너도 안되는거다. 꺼져라!
tjau****,2020.06.08. 20:58,민주당도 인간들이라면 지금 이상황이 윤미향이 정상적인 인간이라고 생각이 드냐?
lgh6****,2020.05.31. 10:20,민주 미친거같아 조국때도 그렇고 죄지어도 괜찮은거야???
wolv****,2020.05.31. 10:32,어지간히 두껍지 않고서야 이 지경인데도 국회의원을 하겠다고 나대는 용기가 참으로 가상하다. 어지간한 사람 같으면 쪽팔려서 절대 못할 것 같다.
iopo****,2020.06.29. 17:11,국민을위해서 개처럼 일하라고 뽑은 국개들인데 현실은 국민을 개나소로 보는 국개들만있네.
argo****,2021.04.11. 12:41,너의 땀은 진실을 말하고 있다.
kk34****,2020.05.31. 09:59,"양정숙과 윤미향이 다른 점과 같은 점은?! 다른 점.. 한 뇬은 잘렸고, 한 뇬은 검찰의 조사를 지켜본단다.. 같은 점.. 만진당에서 추천한 년이다.."
papa****,2020.05.31. 09:54,미통당 해산해라 민주당끼리 분열나게 해야한다
rlaw****,2020.05.31. 09:50,우리 솔직히 터놓고 말해봅시다 국민들은 의혹이 제기되고 깨끗한 사람을 본 적이 없다 사실로 밝혀지면 죄송하다 몰랐다 결국 이 코스로 갈것이기에 뺏지를 놓지 않겠다는거냐 조국봐라 발뼘하더니 사실이지않냐 제발 뺏지 놓고 내려와라 매일 이걸로 시끄러운것도 싫고 지겹다
zang****,2020.05.31. 09:37,나라를 빼앗겨서 지켜주지못한 할머니를 민주당은 두번 죽이는것이다.저런 거짓말쟁이년을 비호하는 민주당은 국민이 이제 안보이는가보다
ok01****,2020.05.31. 10:32,문재인 민주당 윤미향 탄핵합시다 촛불로 성공했으면 촛불에 타서 죽어야 합니다 촛불 무서운줄 모르네
hys3****,2020.05.31. 09:35,뻔뻔하고 가증스럽네요 기생충같으니라고 용돈이란말도기가차네요
skag****,2020.05.31. 09:34,검찰수사로 윤미향이 국회의원직 박탈당하면 민주당으로선 큰부담이 될텐데 왜 이지경이 될때까지 지켜보고 있는지..혹여라도 거대여당으로써의 자신감이라면 향후 큰후회로 남을것이다.
leed****,2020.06.01. 17:01,국회의원 불체포 특권을 포함 .. 많은 특권부터 없애야지....조금있으면 특권있다며 당당히 다닐거지..
sws9****,2021.10.27. 07:09,국민이 들고 일어나기를 바라는거냐?
toke****,2020.05.31. 09:31,촛불로 흥한자 촛불로 망할지어다.
sky0****,2020.05.31. 09:30,윤..내외 수입으로는 딸유학 주택구입 이 될수 없다...답은 나온거 아닌가더불어 이번일 어물쩡 넘어가면 결별이다 차기 집권도 꽝 될꺼다
pwy9****,2020.05.31. 09:23,",검찰이,제대로,,수사하면,,다,모가지,날아갈텐데,,뭔,검찰,수사를,지켜봐,,빨괭이들이,,말하는게,법인데,"
flyp****,2021.01.20. 20:16,열심히 저축하면 아이 피아노레슨시키고 대학도 보네고 집도사고 딸 유학도보네고ᆢ집없는 국민들은 저축않해서그런거네ㅡ반성해야겠다ㅡ부부합쳐 연봉이 5천이 않되는데ᆢ 신통방통하네ㅡ
jhhj****,2020.05.31. 09:19,우리나라에서 추방시켜야삽니다나라에서 완전 추방 추방~~~~
kava****,2020.07.03. 20:41,분열질 근성은 여전하네수사 및 재판 결과도 없이... 나경원 등 의혹이면 벌써 사형감이겠냐 ? 하여튼
1967****,2020.05.31. 05:58,중요한건 퇴출이든 사퇴든 뭐든지간에.저 사람은 평생 대대손손 잘살겁니다... 대한민국의 현실입니다.. 금방 잊혀지기도하구요..
kosd****,2020.05.31. 02:23,저년 땀 왜이렇게 흘려? 국회의원 사퇴하고 일본가서 땀플레이 야동이나 찍어!! 니 남편이랑 ㅋㅋ 다른사람이 찍게하면 그 사람 눈한테 미안하니까 니 딸년한테 카메라들고 찍으라하고
gook****,2020.05.31. 02:01,윤미향 뒤에 조종하는 배후세력이 민좆당안에 존재하는 모양이네 그동안 나타나지 않고 숨어있다가 구깨자격 하루전날 기자회견하고 의혹만 증폭시키고 뭔가 구린내가 진동을한다 사실 화장품 방판하던인간이 구깨감이나 되나
cyss****,2020.05.31. 01:00,이러면서 좌파는 깨끗하다고?! 참나 지나가던 개가 웃는다
alfm****,2020.07.22. 15:14,수사를 지켜본다고라... 지켜볼 것이 그리 없냐? 나랏일 하라고 국회 보냈주었지 뺄개이 감싸라고 국회 본낸 것 아니다.
j844****,2020.09.07. 20:30,확정적인 범법 사실도 없이 의혹만 제기해 마녀사냥 하는 이 나라의 언론과 야당이 참 문제가 많다.
vash****,2020.05.31. 00:50,민주당은 언제까지 두둘할겁니까?불똥튀기 전에 진실을 밝히세요 민주당은 국민의 뜻을 저버리지 마시길
ssfs****,2020.05.31. 00:48,퇴출 퇴출 발도 못붙이게 당장 퇴출 퇴물 퇴물 퇴출하자 국민의 힘으로
woon****,2020.05.31. 12:41,이미 국민이 등돌린 위안부사기꾼 민주당은 끝까지 지켜봐라 결국 나라의 주인은 국민이다 국민이 배신감과 역풍으로 재보선 2년뒤 지방선거 대선까지 반드시 심판을 할것이다
sang****,2020.05.31. 19:02,와 댓글에 짱깨 조선족 문빠들 왜이렇게 많아......
anga****,2020.05.31. 00:41,"윤모씨 이 사람 퇴출시키면 꿀꺽한 건 토해내게 할 수 있나도 궁금하네요. 애초에 기부한 사람들이 원했을, 이용수 할머니같은 피해자분들 위해, 남은 여생이라도 편안히 살게 해 드려야 하지 않나요? 적지도 않은 돈, 그 나눔의 집인가 하는데서 횡령한 돈도 마찬가지구요. 30년, 설마 처음부터 그 목적으로 할머니들께 접근했던 것만은 아니길.. 인간도 사회단체도 이래서야 누굴 믿을 수 있을지.."
uiwe****,2020.11.23. 20:39,이 인간 옹호하는 사람들 다 문제있다고 본다
chus****,2020.05.31. 00:41,다같이 함 나갑시다..너무 개인주의입니다~ 우리보다 못한 홍콩도 나라를 위해 거리로 나왔습니다~~ 날짜 시간 정해서 전국적으로 해야합니다~~ 국민이 있기에 나라가 있는법. 주권은 국민에게서 나온다.. 붕어가 돼지 맙시다~~
baek****,2020.05.31. 00:41,ㅣ런거 다 무죄시키려고 검찰 장악하려 혈안인 문재인 좌빠정권
mana****,2020.05.31. 00:35,조사를 질질 끄는데는 이유가 있는거지 감출께 많거나 연루된 것들이 고위급이거나
zkdl****,2020.05.31. 00:35,신천지도 바바라 첨 사건 터졌을때 조사들어갈것처럼 그러더니..질질 끌고 미루다가 빠질 놈 다빠지고 증거 인멸다시키고 은근슬쪅 n번앙 사건에 파묻히고 지금 조용히 처리하는것 바바 ...신천지의혹 어떻게 조사 처리됏는지 국민들 대다수가 모를껄?
cass****,2020.05.31. 00:27,"결국은 민주당도 등돌리고, 사퇴하게 될 듯....문제는 손에 들어온 국회의원 자리를 쉽게 못놓는다는 거지..... 숨만쉬고있어도 매월 수천만원씩 나오는 자리를 과연 쉽게 던질 수 있겠어?"
bfor****,2020.05.31. 00:25,용돈을 받았는지 어쨋던지 그돈을 주셨어도안받아야 정상아닌가?
kimj****,2020.05.31. 00:23,"1명(윤미향) 수사 지켜봐야"" vs ""국민이 퇴출운동(5천만-1명)"
lys3****,2020.05.31. 00:20,뭘 지켜보라는건지 정말 당당하다면 바로 바로 반박하고 입증을해 그리고 왜 말을 못하는건데? 정작 해야할때는 침묵하고 잠수타다 시일 지나고나서 슬금슬금 기어나와 하나 하나 반박하는 꼴도 웃기고 뭐하는건지 ...알리바이 하나하나 만들어주면서 하나하나 반박시키는건가? 국민들을 호구로 아나..조사는 조사고 일딴 먼저 진실하다면 있는 그대로 입부터 열어 그리고 그 말에 사실인지 조사가 들어가고 증명을 시켜야지 입다물고 있다가 하나하나 반박요지 만들고 입 연들 그말에 누가 아~그렇구나 그런거야?하고 믿어줄까?국민들을 등신취급하네
rurr****,2020.06.04. 19:06,180석이나 몰아준 것들아 더것이 너희들이 밀어주는 180석의 일부분이다. 나라 말아먹을것들이 국회 갈준비하고 있다는 말이야.
kimy****,2020.05.31. 00:16,냅둬라 걍 ~~ 내가 낸 돈도 아닌데... 쳐먹던지 말던지... 진보라고 생각 하는것들이 냈것지 지들끼리 지들돈가지고 지알하는데 누가 뭐라혀... 글고 지들이 냅두라잔아....ㅋ
tlrh****,2020.05.31. 10:28,수사를지켜보잖다 몇십년동안안바뀐 민증번호도 바껴 뭐우얄꼬 국민들이 말좀해봐 중국미국 싸움나면 우알래 누구편들래 한심하다....
carm****,2020.05.31. 00:13,퇴출. 엔드 감옥이다
nbok****,2020.05.31. 00:11,"남윤인순과 페미당을 필두로 생계형 페미들이 윤미향 쉴드 총력전에 나선 듯하다. 지금 윤미향이 털리면 페미당이 내세운 도덕성도 끝이고, 생계형 페미들은 돈줄이 끊기면서 비례대표로 금배지를 다는 게 나가리 되기 때문이겠지."
bong****,2020.05.31. 00:08,민주당 : 수사 지켜봐야 결과나오면 또 판결 지켜봐야
aalt****,2020.05.31. 00:07,촟불집회 언제 하나요
prid****,2020.05.31. 00:00,뻔뻔한 아줌마 그냥 그만두시지요? 뭐하는짓이에요~
9927****,2020.05.30. 23:57,이해찬할아버지. 해안이흐려지셨네요. 그만 내려오세요 박수갈채그친지 이미오래입니다
kk10****,2020.05.30. 23:55,누가 몰 왜 지켜 봐야 하는데?부끄럽지 않냐 그자리 가면 철판이 저절로 깔리나 보군 에라 까
san6****,2020.05.30. 23:55,그냥 깔끔하게 스스로 내려와라 깔끔하게 뭔 부귀영화를 누리겠다고 지금까지 해먹었으면 그만해라
suya****,2020.05.30. 23:52,민주당지지했는데~ㅠ 이번엔 개실망~~
yong****,2020.05.30. 23:51,수사고 머고 안될일... 정치...정 치......정 치......정 치 .....정 말이 안되는 일을 수사라...자진 사퇴 및 수사 받아라
proa****,2020.05.30. 23:51,더불어강간당 수사 즈그입맛에 안나오면 백퍼 검찰못믿는다 웅앵웅거림 뻔하지 바퀴벌레 똥파리들
firi****,2020.05.30. 23:50,검찰은 도대체 뭘 하는지? 180석 민주당 눈치 보는건 아니겠죠?
byeu****,2020.05.31. 00:04,회계 잘못한거부터가 문제있는 년인데 지켜보긴 뭘 지켜봐??? 민주당도 참 못났다~
yo71****,2020.10.06. 17:28,애초에 조국 거론한게 실수임. 조국을 국민들이 괜히 밀어냈나!! 똑같이 뒤가 구린..끼리끼리 알아본게지.
xory****,2020.05.30. 23:48,수사고 퇴출 이고 무슨 의미가 있냐 우기면서 버티면 그만이지 않냐 그런 세상이 되었다
krop****,2020.05.30. 23:47,"미안한데, 그래봐야 퇴출 안돼...문빠들 180석 가져가고 주요 부처 다잡고있는데, 보수가 아무리 난리쳐도 윤미향이 물러날까??? 그냥 끝이야 이제, 다음 대선도 보수는 인물도 없어. 그냥 이낙연 정도에서 당선되고 보수는 또 패할꺼야. 이게 팩트고 현실이야. 제발 보수 정신차려라. 맨날 뻘짓이나하고 정치 센스도 없고, 인물도 없고.... 한심하다 정말."
krop****,2020.05.30. 23:44,상식에 맞지않는 늠임. 상식에~ 서민은 아주 절망감만듬. 작은 소득에 저축만으로 설명 안되는 부 축적. 앵벌이로 밖에 설명안되는디~
ksg5****,2020.05.30. 23:44,아제개미향하고개죄인구속처단이올바른국민의목표다!!
jong****,2020.05.30. 23:42,윤미향 딸 친자검사도 해라ㅋㅋㅋ
bali****,2020.05.31. 00:50,물건너 갔유~
poly****,2020.05.30. 23:41,용돈 ?! ㅋㅋㅋㅋ
knja****,2020.05.30. 23:40,혹시 이돈을 민주당에 높은 사람들하고 같이 썼나?? 그런게 아니면 이렇게 감싸줄수없는데..
star****,2020.05.30. 23:39,이 나라의 가장 큰 문제 ~ 자기 세력은 무조건 옳다고 합리화에 포장 한다 . 나라가 망하건 국가의 자존심이건 국민들의 상처건 그딴건 필요없다 !
melo****,2022.01.31. 11:04,문제인 퇴출운동도 세트로 같이하자
kgtk****,2020.05.30. 23:38,어떻게든 개원할때까지 개기다가 국개의원 면책 특권 받겠다는 거 아니냐?? 늬들 속셈이야 뻔하지
9904****,2020.05.30. 23:28,저도 국민인데 다른의견.. 지켜보고 싶네요~
hwan****,2020.05.30. 23:27,그 돈 다 같이 썻나보지.
relo****,2020.05.31. 00:50,윤미향은 퇴출이 답이다 이건 지지정당과 상관없이 쓰레기는 분리수거해야지
dark****,2020.05.30. 23:12,문재앙 덕분에~
verm****,2020.05.30. 23:11,민주당 애들의 특징은 평생 후원이나 개평뜯어 먹고 사는 공통점이있다. 천박한 사람들... 지적 무능한 지지자들을 만들어서 세력화하는 양아치 조직의 특성도있다. 이젠 하도 익숙해져서 부끄러움 조차도 잊어버린지 오래다..너희들의 이번 부정선거에대한 국민들의 분노는 서서히 임계점에 도달하고있다. 용서할수있는 단계를 이미 넘어섰다. 너희들중 누가 하나라도 그게 아니라고 말하는 사람 누가있느냐.
como****,2020.05.30. 23:11,"아니 참정을 하던 말던 의원을 하던말던, 할머니한테 왜 갔냐고"
smja****,2020.05.30. 23:08,내려오시죠..내려오라구요..내려와 ..
whan****,2020.05.30. 23:06,검찰은 뭐하노 빨리 제발 구속해라 그래야 분노한 국민이제발 뻗고 산다
gntj****,2020.05.30. 23:06,온국민이 윤미향이 수고많고 께끗하다 생각한다 표창해야할일 댓글로보면 99% 김정은 죽고 99% 윤석렬이 여아 추행 한것으로 나타나지먼 1%가 진실이네
cybe****,2020.06.27. 00:55,180석 민주당이 윤미향 문제없다고 하는데 왜들 이렇게 말들이많아?
syun****,2020.06.01. 01:02,국민이 퇴출운동을?? 뭣땜에?? 조중동이 의혹을 제기하면 다 사실인거야?? 사실이면 알아서 퇴출될텐데 왜?? 지난번 조국때 처럼 집회라도 벌이고 싶은거야?? 그럼 나서서 그리 해보던가??!!!
barr****,2020.05.30. 23:04,"뭔 국민이 퇴출운동! 평생 할머니 권익을 위해 뛰었더니 이제와 할머니 본인이 정의연 먹여살린것처럼 말씀하시던데 그건 할머니 수양딸, 극우인사들 등 잘못된 인풋으로 오해하시는 것 같고! 그 외 문제 가 있다면 조사하면 되고, 30년 바쳐 사회운동 한 사람 함부로 말하지 마라 기레기들아"
tran****,2021.01.13. 20:09,조국도 온 나라를 분탕질 하더니 정작 나오는게 없어 윤미향도 마찬가지
chan****,2020.05.30. 23:01,"이름이미향이라고?헌데악취가풀풀나네,헌데 왜해챠니는이아줌마를 꼭품고가려하나? ...뿜빠이한것들통날까봐...?"
keep****,2020.05.30. 23:01,이낙연씨!대권욕심없나요?왜 저 거지같은거 껴안고가는지 진짜앞으로 투표안한다. 주권포기하지뭐18
trgw****,2020.12.02. 23:14,퇴출하자 퇴출하자 퇴출하자 저 빤뻔한 인간
diem****,2021.06.15. 23:59,"윤 미향 의원님 ! 반민특위 위원장하시어 , 위대한 이순신 장군의 통한의 한을 필히 풀어주소서 . "" 한놈도 살려서 보내서는 안돼"""
hrse****,2020.05.31. 07:26,금방 토론화 봤는데 여기서 나온 중요한 사실. 1. 정의연의 노력으로 약 25년 전부터 정부로부터 매달 300만원씩 할머니들이 자원받고 있었음. 2. 정의연은 할머니들을 지원해주기 위해 설린된 단채가 아닌 국재사회에 일본의 만행을 알리고 인권을 증진하기 위해 설립된 단체임. 3. 윤미향 개인계좌의혹은 할머니가 고인이 됐을 경우 가족도 없는 경우가 있으니 장녀로서 대신받아썻던거.여러 시민들체들의 관례였지만 본인도 개인계좌받은 부분에 대해선 적절치 못했다 인정 4. 결정적인 유죄증거가 아직 단 1개도 없었다는 점
syd2****,2020.06.01. 08:59,전원주택 4~5억 가격이면특급이다 9억 거짓말은 지나가는개도 웃겨다
john****,2020.05.30. 22:59,저런 쓰 ㄹ ㅔ 기 릉 국회읜원 뽑은 지역구가 어디냐? ㅋㅋㅋㅋ 아
dosa****,2020.05.30. 22:57,개수작마러 너희들 자한당과개검들의 횡포를생각해보라 퇴출소리가 나오냐? 주호영이너를국민이퇴출시키고싶다
trgw****,2020.05.30. 22:56,통합당이 위안부 할머니들 어짜구 저짜구 할 자격 있나? 당신들은 기냥 입 다물고 있어야지. 매춘부라 칭하는 놈들도 과거에 무슨 위원으로 앉히고 지랄를 떨두만. 통합당은 입 다무는 것이 그나마 할머니들에 대한 도리...
ts66****,2020.05.30. 22:56,저걸 그냥 보면 .. 이나라는 끝 .... 국민이 끌어내야함 만주당과 함께
rldn****,2020.05.30. 22:56,아베 좋으라고 퇴출운동 하는구나
js15****,2020.05.30. 22:54,아까워서 어쩌노 의원함해볼라고 오래 공들였는데
hyo3****,2020.05.30. 22:54,뭐하려고 퇴출운동 하냐? 의혹이 사실이고 검찰조사하고 있으니 유죄면 자동 의원직 상실인데?
good****,2020.05.30. 22:54,국민이퇴출한거냐 기레기미통닭이퇴출한거냐??
shim****,2020.05.30. 22:53,위안부 피해자인 이용수씨도 2012년에 국회의원 비례대표로 출마하려고 한 적이 있었군요. 새누리에 신청했다가 탈락한 뒤 다시 민주당에 신청을 했군요.
dodo****,2020.05.30. 22:53,좌파들에게는 정의가 없고 상식이 없고 반성 또한 없다.
dama****,2020.05.30. 22:52,저딴것들 행위를보자니 진짜 역겹다 ~~~~좌익단체 민낮짝 빈대근성 ~~
kjs2****,2020.06.01. 04:24,시체팔이당이 산자를 팔아먹다 걸리니까 잡아때는거 봐라. 진짜 할 말이 없다.
chkw****,2020.05.30. 22:50,이 나라는 의혹만으로 사람 끌어내리기 참 좋은 개돼지들이 많은 나라야 ㅋㅋㅋ 조중동이 팬만 좀 굴리면 개돼지들이 우루루 ㅋㅋㅋ
tade****,2020.06.27. 21:09,알바들 엄청 풀었나보네. 패스트랙에 기소되어 재판받는 것들은 왜 조용할까? 이것들은 빼도박도 못하는것들인덕 그것은 별거인가? 기소된것들이 선거에 출마한것 자체가 문제 아닌가? 빼박은 얼른 사퇴하라. 의혹으로 사퇴를? 웃기는것들이네. 쯔쯔...
213s****,2020.05.30. 22:45,방탄국회소집하고 문빠들 또 조국수호때처럼 미향수호 외쳐라
luh5****,2020.05.30. 22:45,막장 가는 정부입니다.어케 되려구 그러는지..... 오-호 통재라~애재라~!!!
love****,2020.05.30. 22:45,결코 윤미향을 두둔하자는 것이 아니다. 윤미향의 범죄행위가 법적으로 규명되지도 않은 상태에서 흡혈귀같은 언론의 보도만으로 무분별하게 단죄할 수는 없다. 규명되지도 않은 의혹만으로 범죄행위를 예단하는 것은 정의가 아니다. 윤미향을 벌하고자 하는 마음은 정의를 실현하고자 하는 것 아닌가! 그렇다면 현 시점에서의 여론에 편승한 단죄는 정의인지 아닌지 자문해 보기를 바란다. 현재로서는 검찰의 수사를 지켜 볼 일이다.
moon****,2020.05.30. 22:45,윤미향이 무슨 죄를 지었는지 딱 한가지만 대보시오 팩트에 근거하지 않은 소설 또는 추측은 꺼지고
leon****,2021.01.25. 13:42,제발 통합당은 입 다물고 가만히 있어라. 국민둘이 저 여자 끌어내린다. 끌어내리려고 해도 통합당하는 짓보면 힘 빠진다.
gs34****,2020.06.01. 08:22,"깐죽이 호영이 이런게 당대표라니~~~~, 밑똥닭은 그렇게 인물이없나? 당대표 되는것들이 하나같이 막말아나 쪼다 이니면 이런 내시 같은늠이 당대표릏 하니 당이 잘 될리가 있나!"
junh****,2020.05.30. 22:42,네이버 정치관련 댓글이 왜구들에게 점령 당하고 친일파는 건재함을 과시하듯 끝없는 왜곡으로 이적행위를 이어가고 있다. 조중동의 반대는 애국이다.
smja****,2020.05.30. 22:41,윤미향에 대한 조사는 득달같이 달려 든 검찰에 맡기고 미래통합당은 정치를 하세요. 본업을 제쳐 두고 계속 뻘짓거리에 열중하다 보면 성적이(국민의평가) 안 좋을 수 밖에 없습니다.
peac****,2020.05.30. 23:21,수십년 전부터 할머니들은 국가 지자체로부터 300만 정도씩 지원금을 받고 있다.. 이 지원에 관한 법은 정대협의 투쟁결과이다. 쟁점은 단순하다.. 윤미향이 성금갈취를 햇다면 사퇴가 아니라 구속처벌 받으면 된다.. 특정시민단체 활동이 어느 할머니개인 맘에 들엇냐를 가지고 윤미향을 처벌 할 수는 없다..
rlat****,2020.05.30. 22:41,친일파 주호영이가 윤미향이가 무섭긴 무서운가봐~ㅋ
okbb****,2020.05.31. 08:48,"어디한번~퇴출운동 해봐라~~~느그들 태극기부대말고 누가, 얼마나 나오나~~"
nhd7****,2020.05.31. 01:50,기자회견후 의혹이 증폭된게 아니고 가라앉고 있다. 조작 전문 검찰이 제대로 조사를 해서 비리 찾아내라. 비리 나오면 적당한 처벌 받되 정의연 활동은 그래도 계속 되어야 한다
hmsh****,2020.05.30. 22:40,정확히 알지도 못하는데 언론과 검찰 말만 믿고 퇴출운동 하면 안됩니다!
bkgo****,2020.05.30. 22:40,일베애들 성격참 급하네 법원 판결 나와도 늦지않다 무죄 추정의 원칙 안배웟냐 공산당이냐 ㅋㅋㅋㅋㅋㅋㅋㅋㅋㅋ
domi****,2020.05.30. 22:40,윤미향보다 위안부 할머니들 일에 매달리고 위안부할머니를 세상이 들어낸 사람 있나???대한민국 국민 팔아먹은 개눌들니 윤미향을 비난할 자격이나 있을까???
kism****,2020.05.30. 22:39,질긴 조중동 미텅당.. ...에유....
0119****,2020.05.30. 22:38,인생을 바친일은 고귀한 거야 감히 어느 년놈이 한 인생에 침 벹냐 설사 조그만 실수가 있다 해도 한 인간에 일생에 막무가네로 헐 뜯지마라
jopo****,2020.05.30. 22:36,조중통들 힘도 없으면서 발악하는 구나~~대통령 민주당 지지률 오른다... 똥개들 짓어도 쭉 가자!!
sook****,2020.06.01. 00:25,퇴출은 친일당 미통당인대.당신들이나 쳐나가. 아주 꼴도 베기싫어
aiji****,2020.05.31. 17:21,퇴출상대는 미통당이다~~아직도 정신못차리는 미통당 ㅠㅠ
ssbh****,2020.05.30. 22:28,제발 추측으로 사람을 몰고 갈것이 아니라 검찰수사를 하려니 제발 기다리세요. 저 또한 언론으로만봤을때는 도저히 용납할수 없으나 추측으로 사람을 죽이고 살리는것은 나중이라도 할수있으니 국민들도 성숙함 태도를 이제 보여 주세요.
